Constituency,Category,Winner,Winner party,Winner votes,Winner vote share %,Runner-up,Runner-up party,Runner-up votes,Margin (votes),Margin %,Turnout %
Alandur,,M.Harish,TVK,112205,43.10,T.M.Anbarasan,DMK,82596,29609,11.37,86.46
Alangudi,,Siva.V.Meyyanathan,DMK,64929,36.11,Kandasamy,TVK,51952,12977,7.22,84.78
Alangulam,,Paul Manoj Pandian,DMK,69170,31.46,K R P Prabakaran,ADMK,61372,7798,3.55,86.07
Ambasamudram,,Dr.Esakki Subaya,ADMK,65589,34.50,V.P.Durai,INC,55344,10245,5.39,83.44
Ambattur,,Balamurugan.G,TVK,133339,51.58,Dr A.P. Poornima,DMK,74558,58781,22.74,76.70
Ambur,,Vilwanathan. A.C.,DMK,74102,37.98,Imthiyaz Pandarattudu Abdu,TVK,66971,7131,3.65,90.98
Anaikattu,,D.Velazhagan,ADMK,76302,35.45,A.P.Nandakumar,DMK,69221,7081,3.29,90.16
Andipatti,,Maharajan.A,DMK,74324,34.36,Pandi.V,TVK,64770,9554,4.42,84.32
Anna Nagar,,V.K.Ramkumar,TVK,71375,43.96,N.Chitrarasu,DMK,50012,21363,13.16,85.98
Anthiyur,,Haribaskar.P,ADMK,60042,32.45,Sivabalan.M,DMK,58782,1260,0.68,89.23
Arakkonam,SC,V. Gandhiraj,TVK,73776,40.66,Ezhil Caroline,VCK,50655,23121,12.74,90.37
Arani,,Jayasudha. L,ADMK,76735,33.44,Mahalakshmi Govarthanan,DMK,71104,5631,2.45,90.00
Aranthangi,,Mohamed Farvas. J,TVK,73244,40.21,Ramachandran . T,INC,63182,10062,5.52,79.27
Aravakurichi,,Elango. R,DMK,70827,39.25,Karthikeyan. P,TVK,51445,19382,10.74,92.29
Arcot,,S.M.Sukumar,ADMK,105608,46.91,G.Vijay Mohan,TVK,62888,42720,18.98,91.77
Ariyalur,,Rajendran S,ADMK,95219,40.48,Latha Balu,DMK,70721,24498,10.42,89.46
Aruppukkottai,,Ramachandran. K.K.S.S.R,DMK,65104,36.63,Karthik Kumar. K,TVK,60161,4943,2.78,85.55
Athoor,,I. Periasamy,DMK,106240,44.95,N. Kalaiselvi,TVK,83872,22368,9.46,90.27
Attur,SC,Jayasankaran. A.P.,ADMK,80843,39.00,Selvabharathi. R.,TVK,65525,15318,7.39,90.84
Avadi,,R.Ramesh Kumar,TVK,180384,52.37,S.M.Nasar,DMK,104073,76311,22.15,78.98
Avanashi,SC,Kamali.S,TVK,84209,36.61,Dr. L. Murugan,BJP,68836,15373,6.68,90.79
Bargur,,E.C. Govindarasan,ADMK,71240,33.39,E. Muralidharan,TVK,66999,4241,1.99,89.14
Bhavani,,Karuppanan. K.C,ADMK,75577,36.53,Balakrishnan,TVK,68181,7396,3.57,92.72
Bhavanisagar,SC,V.P.Tamilselvi,TVK,72391,34.02,A.Bannari,ADMK,67822,4569,2.15,89.55
Bhuvanagiri,,Arunmozhithevan . A,ADMK,75707,36.64,Saravanan. Durai . K,DMK,73220,2487,1.20,88.58
Bodinayakkanur,,Panneerselvam.O,DMK,85206,38.78,Prakash.S,TVK,78401,6805,3.10,83.44
Chengalpattu,,S. Thiyagarajan,TVK,137136,42.51,Karthikdhandapani,DMK,101495,35641,11.05,86.53
Chengam,SC,S.Velu,ADMK,87802,36.31,K Bharathidhasan,TVK,74524,13278,5.49,89.88
Chepauk-Thiruvallikeni,,Udhayanidhi Stalin,DMK,62992,44.96,Selvam. D,TVK,55852,7140,5.10,84.38
Cheyyar,,Mukkur N. Subramanian,ADMK,86680,39.11,Dusi K Mohan,TVK,65599,21081,9.51,92.40
Cheyyur,SC,Rajasekar. E,ADMK,63809,34.16,Mohan Raja.M.G.K,TVK,58141,5668,3.03,91.57
Chidambaram,,Thamimun Ansari. M,DMK,69739,35.62,Pandian. K.A,ADMK,63992,5747,2.94,84.66
Coimbatore (North),,V. Sampathkumar,TVK,92500,41.09,Durai. Senthamil Selvan B.E,DMK,70508,21992,9.77,75.80
Coimbatore (South),,V Senthilbalaji,DMK,59724,38.35,V. Senthilkumar,TVK,57453,2271,1.46,82.46
Colachel,,Tharahai Cuthbert,INC,66207,33.37,Prem Alex Lawrence,TVK,63374,2833,1.43,74.88
Coonoor,,M. Raju,DMK,50470,35.88,A. Ramu,ADMK,42371,8099,5.76,79.13
Cuddalore,,B.Rajkumar,TVK,70856,37.39,A.S.Chandarasekaran,INC,55337,15519,8.19,84.91
Cumbum,,Jeganathmishra Pla,TVK,85394,40.68,Eramakrishnan N,DMK,84643,751,0.36,82.03
Dharapuram,SC,Sathyabama.P,ADMK,81100,40.78,Indirani.T,DMK,64373,16727,8.41,89.42
Dharmapuri,,Sowmiya Anbumani,PMK,93713,39.44,Sivan. M.,TVK,72817,20896,8.79,91.14
Dindigul,,Senthilkumar. I.P,DMK,74489,35.27,Nazeer Raja. G,TVK,73358,1131,0.54,87.30
Dr.Radhakrishnan Nagar,,N. Marie Wilson,TVK,97800,54.14,J. John Ebenezer,DMK,48132,49668,27.49,90.61
Edappadi,,Edappadi Palaniswami. K,ADMK,148933,57.97,Premkumar. K,IND,50823,98110,38.19,92.96
Egmore,SC,Rajmohan,TVK,53901,45.28,Tamilan Prasanna,DMK,43097,10804,9.08,85.78
Erode (East),,M.Vijay Balaji,TVK,69747,43.17,Gopinath Palaniyappan,INC,45781,23966,14.83,89.98
Erode (West),,Ananth Moghan K.K.,TVK,96836,43.99,S. Muthusamy,DMK,74586,22250,10.11,87.99
Gandarvakkottai,SC,N. Subramanian,TVK,58795,35.31,C. Uthayakumar,BJP,47756,11039,6.63,84.93
Gangavalli,SC,Nallathambi. A,ADMK,73167,37.34,Chinnadurai. K,DMK,58763,14404,7.35,89.75
Gingee,,Ganeshkumar A,PMK,78201,36.18,Gingee Masthan K S,DMK,65556,12645,5.85,89.07
Gobichettipalayam,,Sengottaiyan.K.A,TVK,82612,37.75,Nallasivam.N,DMK,65992,16620,7.60,91.49
Gudalur,SC,Dhravidamani.M,DMK,65590,43.62,Pon.Jayaseelan,ADMK,42757,22833,15.18,81.11
Gudiyatham,,K.Sindu,TVK,82858,36.30,K.B.Pradap,DMDK,72761,10097,4.42,90.73
Gummidipoondi,,S.Vijayakumar,TVK,94320,40.73,Sudhakar.V,ADMK,66375,27945,12.07,91.13
Harbour,,P K Sekarbabu,DMK,45254,45.70,Sinora P S Ashok,TVK,33504,11750,11.87,82.43
Harur,SC,Sampathkumar. V,ADMK,75523,34.44,Shanmugam. A,DMK,72194,3329,1.52,89.24
Hosur,,Balakrishnareddy. P,ADMK,109867,39.78,Vendarkarasan.S,TVK,82064,27803,10.07,80.51
Jayankondam,,Vaithilingam G.,PMK,88992,39.01,Kannan Ka.So.Ka.,DMK,70502,18490,8.10,86.59
Jolarpet,,Veeramani K.C.,ADMK,78633,37.03,Munisamy C,TVK,62550,16083,7.57,89.93
Kadayanallur,,Rajendran. T. M,DMK,79832,36.05,C. Krishnamurali,ADMK,73579,6253,2.82,82.25
Kalasapakkam,,Agri Krishnamurthy. S S,ADMK,89629,41.94,Saravanan. P.S.T,DMK,62889,26740,12.51,91.78
Kallakurichi,SC,Arul Vignesh C,TVK,81132,32.62,Rajeevgandhi S,ADMK,80334,798,0.32,88.34
Kancheepuram,,R.V. Ranjithkumar,TVK,91350,37.25,V. Somasundaram,ADMK,75862,15488,6.32,87.97
Kangayam,,Nsn Nataraj,ADMK,71122,35.07,Mani Gounder,TVK,62989,8133,4.01,92.38
Kanniyakumari,,Thalavai Sundaram. N,ADMK,75045,31.49,Mahesh.R,DMK,74831,214,0.09,82.50
Karaikudi,,Dr.Prabhu. Tk,TVK,101358,44.31,Mangudi. S,INC,55284,46074,20.14,74.77
Karur,,M.R. Vijayabhaskar,ADMK,71542,33.08,Mathiyalagan V.P,TVK,69721,1821,0.84,94.04
Katpadi,,Dr M Sudhakar,TVK,69868,34.46,V. Ramu,ADMK,63998,5870,2.90,88.64
Kattumannarkoil,SC,L.E. Jothimani,VCK,85179,45.44,A. Sozhan,PMK,52116,33063,17.64,82.82
Kavundampalayam,,Kanimozhi Santhosh,TVK,146466,40.47,Arunkumar Prg,ADMK,104326,42140,11.64,85.72
Killiyoor,,Rajesh Kumar. S,INC,66434,37.53,Sabin. S,TVK,65123,1311,0.74,72.15
Kilpennathur,,Ramachandran.S,ADMK,90503,41.26,Pitchandi.K,DMK,60038,30465,13.89,91.08
Kilvaithinankuppam,SC,Thenral Kumar. E,TVK,74305,39.33,Jegan Moorthy. M,ADMK,54050,20255,10.72,87.75
Kilvelur,SC,Latha. T,CPM,56108,37.13,Senthil Pandian. P,TVK,53830,2278,1.51,88.59
Kinathukkadavu,,Vignesh K,TVK,99950,37.55,Sabari Karthikeyan K.V.K.S,DMK,88240,11710,4.40,87.03
Kolathur,,V. S. Babu,TVK,82997,45.31,M. K. Stalin,DMK,74202,8795,4.80,86.49
Kovilpatti,,Karunanithi.K,DMK,61643,31.83,Balasubramanian.S,TVK,60800,843,0.44,80.13
Krishnagiri,,Mukundhan.P,TVK,89374,39.02,Ashokkumar.K,ADMK,70530,18844,8.23,85.67
Krishnarayapuram,SC,Sathya. M,TVK,62378,33.03,Dr. Dhivya. S,ADMK,58875,3503,1.86,93.02
Kulithalai,,Suriyanur. A. Chandran,DMK,68138,32.68,G.Balasubramani,TVK,67559,579,0.28,93.41
Kumarapalayam,,C.Vijayalakshmi,TVK,81179,39.67,P.Thangamani,ADMK,73483,7696,3.76,93.01
Kumbakonam,,Vinoth,TVK,78650,37.94,Anbalagan G,DMK,77971,679,0.33,81.52
Kunnam,,Sivasankar. S.S,DMK,87237,37.91,Saranya. A,ADMK,71680,15557,6.76,85.82
Kurinjipadi,,M.R.K.Panneerselvam,DMK,76695,35.95,A Bhuvanenthiran,ADMK,69106,7589,3.56,89.57
Lalgudi,,Leemarose Martin,ADMK,60795,32.89,Ku Pa Krishnan,TVK,58056,2739,1.48,87.11
Madathukulam,,R Jayaramakrishnan,DMK,70458,37.61,C Shanmugavelu,AMMK,54490,15968,8.52,87.21
Madavaram,,M.L.Vijayprabhu,TVK,190462,52.82,S.Sudharsanam,DMK,95477,94985,26.34,83.51
Madurai Central,,Madhar Badhurudeen,TVK,63414,42.87,Palanivel Thiaga Rajan,DMK,44286,19128,12.93,74.11
Madurai East,,Karthikeyan S,TVK,118777,43.93,Moorthy P,DMK,102230,16547,6.12,80.35
Madurai North,,A.Kallanai,TVK,72853,45.24,G.Thalapathi,DMK,54815,18038,11.20,72.82
Madurai South,,M.M.Gopison,TVK,62415,44.30,M.Boominathan,DMK,40886,21529,15.28,78.31
Madurai West,,Thangapandi Sr,TVK,88250,40.95,Balaji R,DMK,76319,11931,5.54,78.22
Maduranthakam,,Maragatham Kumaravel.K,ADMK,69284,35.09,Ezhil Katharine Ezhilmalai,TVK,62090,7194,3.64,92.86
Maduravoyal,,Rhevanth Charan,TVK,141725,48.50,Ganapathy. K,DMK,80216,61509,21.05,78.29
Mailam,,Shanmugam C Ve,ADMK,82353,43.59,Vijay Niranjan A,TVK,52312,30041,15.90,90.39
Manachanallur,,Kathiravan. S,DMK,81447,38.94,V.Saravanan,TVK,69083,12364,5.91,88.45
Manamadurai,SC,Elangovan.D,TVK,69971,33.67,Tamilarasi.A,DMK,68763,1208,0.58,80.11
Manapparai,,R. Kathiravan,TVK,83041,34.56,Dr. Pl. Vijayakumar,ADMK,81615,1426,0.59,89.65
Mannargudi,,Kamaraj. S,AMMK,68416,35.32,Rajaa.T.R.B,DMK,66850,1566,0.81,82.62
Mayiladuthurai,,Jamal Mohamed Younoos. Y.N,INC,68011,36.18,Palanisamy. A M.Com.,PMK,57166,10845,5.77,80.15
Melur,,P.Viswanathan,INC,60080,31.59,A.Maduraiveeran,TVK,57356,2724,1.43,82.75
Mettuppalayam,,Sunilanand,TVK,75664,31.08,Smt.Kavitha Kalyanasundaram,DMK,67896,7768,3.19,86.29
Mettur,,Venkatachalam. G,ADMK,86498,37.56,Midhun Chakravarthy. M,DMK,67393,19105,8.30,90.08
Modakurichi,,D.Shanmugan,TVK,60715,31.98,S.Kirthika,BJP,58285,2430,1.28,91.41
Mudhukulathur,,R.S.Rajakannappan,DMK,68003,29.45,Malarvizhi. B,TVK,51405,16598,7.19,77.25
Musiri,,M.Vignesh,TVK,71281,37.91,N.S.Karunairaaja,DMK,53839,17442,9.28,87.87
Mylapore,,Venkataramanan. P,TVK,70070,46.77,Velu. Dha,DMK,41098,28972,19.34,75.11
Nagapattinam,,M.H.Jawahirullah,DMK,56305,37.33,M.Sugumar,TVK,46524,9781,6.48,86.35
Nagercoil,,Austin,DMK,69880,35.68,Bervin Kings G,TVK,62310,7570,3.87,75.63
Namakkal,,Dilip C S,TVK,79744,37.70,Sridevi Mohan P S,ADMK,68736,11008,5.20,88.94
Nanguneri,,Reddiarpatti V. Narayanan,TVK,74952,35.91,Ruby.R.Manoharan,INC,58533,16419,7.87,81.15
Nannilam,,Kamaraj. R,ADMK,103462,44.88,Mohamed Mubarak,DMK,61738,41724,18.10,86.19
Natham,,Natham Viswanathan R,ADMK,85708,35.93,Selvakumar K,DMK,73839,11869,4.98,91.34
Neyveli,,Rajendran.R,ADMK,63731,37.93,Saba.Rajendran,DMK,52769,10962,6.52,87.84
Nilakkottai,SC,Ayyanar.R,TVK,68580,34.82,Nagajothi.S,DMK,65655,2925,1.49,89.08
Oddanchatram,,Sakkarapani. R,DMK,93099,46.52,Vidiyal S. Sekar,BJP,49850,43249,21.61,90.87
Omalur,,Mani. R,ADMK,112246,41.62,Adhiyamaan. R.V,TVK,97707,14539,5.39,91.55
Orattanadu,,R. Vaithilingam,DMK,86759,44.57,Dr. K. Arvind,TVK,51731,35028,17.99,83.36
Ottapidaram,SC,P .Mathanraja,TVK,81625,41.81,P.M.Ramajeyam,DMK,52542,29083,14.90,80.10
Padmanabhapuram,,Chellaswamy. R,CPM,68938,38.31,Krishna Kumar. S,TVK,53369,15569,8.65,76.40
Palacode,,Anbalagan. K.P.,ADMK,102807,45.90,Gopi. R.,TVK,63765,39042,17.43,93.19
Palani,,Ravimanoharan. K,ADMK,66986,32.23,Dr. Praveen Kumar. M,TVK,66293,693,0.33,86.69
Palayamcottai,,M.Abdul Wahab,DMK,79744,44.36,Maria John,TVK,65939,13805,7.68,69.86
Palladam,,K.Ramkumar,TVK,121297,40.49,K.P.Paramasivam,ADMK,83400,37897,12.65,90.83
Pallavaram,,J.Kamatchi,TVK,133611,47.37,D.Murugesan,DMDK,78918,54693,19.39,83.71
Panruti,,Mohan. K,ADMK,78398,37.36,Abdur Rahman. A.R,VCK,67735,10663,5.08,86.80
Papanasam,,A.M. Shahjahan,IUML_ABBR1,69284,33.47,Azarudeen Uduman Ali,TVK,68219,1065,0.51,80.70
Pappireddippatti,,Maragatham Vetrivel,ADMK,101829,43.16,Palaniappan. P,DMK,68715,33114,14.03,91.94
Paramakudi,SC,Advocate. Kathiravan. K.K,DMK,59161,31.29,Gopirajan. G,TVK,55613,3548,1.88,80.58
Paramathi-Velur,,Sekar S,ADMK,61349,32.56,Moorthiy K S,DMK,61041,308,0.16,91.83
Pattukkottai,,Annadurai K,DMK,65963,36.04,Mathan C,TVK,52209,13754,7.52,75.49
Pennagaram,,Gajendran. S.,TVK,81240,35.63,Selvam. V.,PMK,78075,3165,1.39,91.71
Perambalur,SC,Sivakumar. K,TVK,90882,35.99,Dr. Jayalakshmi. S.T,DMK,76489,14393,5.70,86.87
Perambur,,C. Joseph Vijay,TVK,120365,59.07,R.D. Shekar,DMK,66650,53715,26.36,90.05
Peravurani,,Ashokkumar. N,DMK,60919,34.70,Govi.Elango,ADMK,57757,3162,1.80,82.07
Periyakulam,SC,Sabari Iyngaran G.,TVK,85656,40.85,Sakthivel P.,VCK,66335,19321,9.21,78.89
Perundurai,,Jayakumar. S,ADMK,70302,35.17,Thoppu Venkatachalam (Alias) N.D. Venkatachalam,DMK,60609,9693,4.85,93.21
Pollachi,,K. Nithyanandhan,DMK,62013,34.39,Pollachi V. Jayaraman,ADMK,57386,4627,2.57,88.42
Polur,,Abishek. R,TVK,67961,32.22,Saravanan. P,DMDK,67734,227,0.11,90.23
Ponneri,SC,Dr.Ravi.M.S,TVK,110439,48.88,Durai Chandrasekar,INC,54671,55768,24.68,89.88
Poompuhar,,Nivedha M Murugan,DMK,81096,37.07,Pavunraj. S,ADMK,72836,8260,3.78,84.37
Poonamallee,SC,Prakasam.R,TVK,161309,52.49,Krishnaswamy.A,DMK,88569,72740,23.67,83.37
Pudukkottai,,V. Muthuraja,DMK,66825,35.19,K.M. Shariff,TVK,64958,1867,0.98,84.05
Radhapuram,,Dr.Sathish Christopher,TVK,69947,35.07,Appavu.M,DMK,57634,12313,6.17,80.73
Rajapalayam,,Jegadeshwari. K,TVK,65548,35.96,Thangapandian. S,DMK,54943,10605,5.82,85.10
Ramanathapuram,,Katharbatcha Muthuramalingam,DMK,89137,37.67,Shahul Hameed,TVK,76678,12459,5.27,75.77
Ranipet,,Thahira,TVK,91149,41.46,R. Gandhi,DMK,85362,5787,2.63,88.55
Rasipuram,SC,Logesh Tamilselvan D,TVK,74808,36.70,Premkumar S D,BJP,60297,14511,7.12,91.71
Rishivandiyam,,Karthikeyan K,DMK,89711,36.73,Ashok Kumar G,TVK,84849,4862,1.99,89.29
Royapuram,,K.V. Vijay Damu,TVK,59091,46.57,Dr. A. Subair Khan,DMK,44842,14249,11.23,79.48
Saidapet,,Arul Prakasam. M,TVK,81205,50.92,Subramanian. Ma,DMK,52691,28514,17.88,78.12
Salem (North),,Sivakumar. K,TVK,85710,40.91,Rajendran. R,DMK,71676,14034,6.70,87.79
Salem (South),,Vijay Tamilan Parthiban. A,TVK,91371,44.11,Loganathan. M,DMK,58002,33369,16.11,91.32
Salem (West),,Lakshmanan.S,TVK,120407,51.60,Karthe.M,PMK,45540,74867,32.08,90.47
Sankaranayanarkoil,SC,Dr. Dhilipan Jaishankar,ADMK,64865,33.11,C. Ramarajan,TVK,58376,6489,3.31,82.29
Sankarapuram,,Rakesh R,ADMK,80250,34.13,Udhayasuriyan T,DMK,76810,3440,1.46,88.42
Sankari,,Vetrivel. S,ADMK,87342,35.93,Senthilkumar. K,TVK,77825,9517,3.92,93.30
Sattur,,Kadarkarairaj. A,DMK,62060,31.30,Nainar Nagenthran,BJP,56071,5989,3.02,86.45
Senthamangalam,ST,P Chandrasekar,TVK,68815,33.01,C Chandrasekaran,ADMK,66160,2655,1.27,90.88
Sholavandan,SC,Karuppaiah.M.V,TVK,63907,33.90,Venkatesan.A,DMK,61229,2678,1.42,87.77
Sholinghur,,G.Kapil,TVK,84506,36.25,K.Saravanan,PMK,78820,5686,2.44,90.52
Shozhinganallur,,Ecr P Saravanan,TVK,220382,49.50,S. Aravind Ramesh,DMK,123602,96780,21.74,80.38
Singanallur,,K.S.Sri Giri Prasath,TVK,84163,38.31,V.Srinidhi,INC,65024,19139,8.71,81.38
Sirkazhi,SC,Senthilselvan.R,DMK,71449,35.74,Sakthi.M,ADMK,60032,11417,5.71,82.83
Sivaganga,,Kulanthai Rani A,TVK,73737,34.62,Senthilnathan Pr,ADMK,58656,15081,7.08,76.59
Sivakasi,,Keerthana S,TVK,68709,35.68,Ashokan G,INC,57039,11670,6.06,84.38
Sriperumbudur,SC,Thennarasu.K,TVK,147611,44.74,K. Selvaperunthagai,INC,93365,54246,16.44,86.42
Srirangam,,Ramesh,TVK,103235,40.63,S. Durairaj,DMK,69645,33590,13.22,88.51
Srivaikuntam,,Saravanan. G,TVK,58814,33.45,Shanmuganathan. S. P,ADMK,57628,1186,0.67,82.07
Srivilliputhur,SC,Karthik.A,TVK,65653,34.09,Mahalingam.P,CPI,57072,8581,4.46,85.93
Sulur,,Nm.Sukumar,TVK,90531,33.26,V.P.Kandasamy,ADMK,85741,4790,1.76,88.48
Tambaram,,D.Sarathkumar,TVK,118967,42.90,R.S.Kiruthika Devi,DMK,83346,35621,12.85,84.01
Tenkasi,,Dr.Kalai Kathiravan,DMK,79699,34.01,S.Selva Mohandas Pandian,ADMK,69400,10299,4.40,83.20
Thalli,,Ramachandran. T,CPI,78283,38.31,Dr.Nagesh Kumar. C,BJP,73043,5240,2.56,85.88
Thanjavur,,R. Vijaysaravanan,TVK,87705,44.40,Shan. Ramanathan,DMK,70750,16955,8.58,78.17
Thiru-Vi-Ka-Nagar,SC,M. R. Pallavi,TVK,69125,48.21,K. S. Ravichandran,DMK,46792,22333,15.58,78.94
Thirumangalam,,Manimaran.M,DMK,88291,38.38,Udhayakumar.R.B,ADMK,64484,23807,10.35,88.06
Thirumayam,,Regupathy.S,DMK,58201,32.04,Chinthamani.C,TVK,56709,1492,0.82,82.36
Thiruparankundram,,Nirmalkumar. R.,TVK,114316,44.95,Kiruthiga Thangapandi,DMK,72763,41553,16.34,81.67
Thiruporur,,B.Vijayaraj,TVK,110095,42.16,R. Panneerdoss,VCK,70744,39351,15.07,88.71
Thiruthuraipoondi,SC,Marimuthu.K,CPI,74062,38.93,Pandiyan.S,TVK,61140,12922,6.79,83.86
Thiruvaiyaru,,Durai. Chandrasekaran,DMK,80425,36.36,Mathi. Manikandan,TVK,71870,8555,3.87,85.60
Thiruvallur,,Dr. T. Arunkumar,TVK,92190,40.92,V.G. Raajendran,DMK,67430,24760,10.99,89.75
Thiruvarur,,Kalaivanan Poondi K,DMK,93408,43.04,Veeramani V,TVK,75260,18148,8.36,83.47
Thiruverambur,,Vijayakumar (A) Navalpattu S. Viji,TVK,89837,42.21,Anbil Mahesh Poyyamozhi,DMK,81132,8705,4.09,82.00
Thiruvidaimarudur,SC,Govi.Chezhiaan,DMK,79951,38.40,S.Prabakaran,TVK,65835,14116,6.78,81.03
Thiyagarayanagar,,Anand N,TVK,51632,38.81,Sathiyanarayanan B,ADMK,38605,13027,9.79,83.81
Thondamuthur,,S.P.Velumani,ADMK,93316,36.23,Sathish Raju (Alias) K.P.R. Sathish,TVK,78591,14725,5.72,87.80
Thoothukkudi,,Srinath,TVK,100536,49.32,P. Geetha Jeevan,DMK,62805,37731,18.51,81.35
Thousand Lights,,Prabhakar.J.C.D,TVK,58965,45.01,Ezhilan Naganathan,DMK,43824,15141,11.56,83.17
Thuraiyur,SC,Ravisankar.M,TVK,66263,36.07,E.Saroja,ADMK,56649,9614,5.23,87.21
Tindivanam,SC,Vanni Arasu,VCK,63833,32.68,Arjunan. P,ADMK,63099,734,0.38,89.08
Tiruchendur,,Anitha R. Radhakrishnan,DMK,72723,39.24,J. Murugan,TVK,66851,5872,3.17,79.56
Tiruchengode,,Arunraj K G,TVK,79500,41.71,Srmt Sekar (A) Chandrasekar R,ADMK,51328,28172,14.78,91.17
Tiruchirappalli (East),,C. Joseph Vijay,TVK,91381,50.22,S. Inigo Irudayaraj,DMK,63965,27416,15.07,82.65
Tiruchirappalli (West),,K.N.Nehru,DMK,88235,45.19,G.Ramamoorthi,TVK,83449,4786,2.45,81.72
Tiruchuli,,Thangam Thenarasu,DMK,75085,41.52,Samayan.S,TVK,61600,13485,7.46,88.08
Tirukkoyilur,,Palanisamy S,ADMK,73033,33.68,Vijay R Baranibalaaji,TVK,72748,285,0.13,89.19
Tirunelveli,,Murughan.R.S.,TVK,75840,34.84,Subramanian.S,DMK,64426,11414,5.24,78.92
Tiruppattur,,Dr.Thirupathi. N,TVK,105098,51.91,Nallathambi. A,DMK,56835,48263,23.84,89.31
Tiruppattur,,Seenivasa Sethupathy. R,TVK,83375,38.79,Periakaruppan. Kr,DMK,83374,1,0.00,77.91
Tiruppur (North),,V.Sathyabama,TVK,131401,50.08,M.S.M.Anandan,ADMK,61409,69992,26.68,83.07
Tiruppur (South),,Balamurugan. S,TVK,73793,41.19,Dineshkumar. N,DMK,60892,12901,7.20,90.91
Tiruttani,,G.Hari,ADMK,89169,37.53,M.Sathya Kumar,TVK,83376,5793,2.44,90.73
Tiruvadanai,,Rajeev,TVK,69551,31.63,Rm. Karumanickam,INC,67038,2513,1.14,77.48
Tiruvannamalai,,Velu. E.V,DMK,88273,40.26,Arul Arumugam,TVK,85818,2455,1.12,87.77
Tiruvottiyur,,Senthil Kumar. N,TVK,110067,53.36,Sundararaj. L,CPM,56503,53564,25.97,84.23
Tittakudi,SC,Ganesan C.V,DMK,63106,36.03,Rajasekar A,TVK,60477,2629,1.50,83.82
Udhagamandalam,,Bhojarajan.M,BJP,48488,32.94,Ibrahim.R,TVK,47512,976,0.66,77.94
Udumalaipettai,,Jayakumar M.,DMK,68549,33.86,Radhakrishnan K.,ADMK,65667,2882,1.42,87.64
Ulundurpettai,,Vasanthavel G R,DMK,98471,36.48,Kumaraguru R,ADMK,96194,2277,0.84,89.77
Usilampatti,,Vijay. M,TVK,65743,29.43,Mahendran. I,ADMK,63938,1805,0.81,83.91
Uthangarai,SC,N Elaiyaraja,TVK,70201,34.30,T M Tamilselvam,ADMK,65003,5198,2.54,86.92
Uthiramerur,,Munirathinam.J,TVK,84917,37.47,Sundar.K,DMK,70694,14223,6.28,92.07
Valparai,SC,Kutty (Alias) Sudhakar. A,DMK,54671,36.51,Dr. Sridharan. A,TVK,45300,9371,6.26,86.26
Vandavasi,SC,Ambethkumar. S,DMK,63805,33.54,Rani. P,ADMK,60472,3333,1.75,89.10
Vaniyambadi,,Syed Farooq Basha Ssb,IUML_ABBR1,73181,34.53,Syed Bhurhanudeen,TVK,70199,2982,1.41,87.37
Vanur,SC,Gowtham D,DMK,68873,35.95,Suresh P,TVK,61839,7034,3.67,91.31
Vasudevanallur,SC,E. Raja,DMK,63045,33.33,Ananthan Ayyasamy,BJP,56462,6583,3.48,82.76
Vedaranyam,,Manian. O.S,ADMK,59172,36.60,Pugazhendi. M,DMK,51841,7331,4.54,86.24
Vedasandur,,Saminathan. T,DMK,84948,37.57,Paramasivam. V.P.B.,ADMK,74885,10063,4.45,92.74
Veerapandi,,Palanivel. M.S,TVK,79907,33.96,Sri Balaji Sugumar. S,ADMK,75836,4071,1.73,93.94
Velachery,,Kumar. R,TVK,80430,43.84,Ashok. M.K,ADMK,47125,33305,18.15,84.49
Vellore,,M.M.Vinoth Kannan,TVK,73032,38.48,P.Karthikeyan,DMK,66255,6777,3.57,88.47
Veppanahalli,,Srinivasan.P.S,DMK,74691,33.79,Munusamy.K.P,ADMK,74553,138,0.06,89.82
Vikravandi,,Sivakumar C,PMK,69727,33.39,Vijai Vadivel A,TVK,68817,910,0.44,91.19
Vilathikulam,,Markandayan G V,DMK,58395,33.53,P. Kasiram,TVK,50167,8228,4.72,84.97
Vilavancode,,Praveen T.T,INC,70755,40.64,Michael Kumar K,TVK,49785,20970,12.04,76.81
Villivakkam,,Aadhav Arjuna,TVK,66445,47.21,Karthik Mohan,DMK,49143,17302,12.29,86.16
Viluppuram,,Lakshmanan R,DMK,72982,33.97,Mohanraj N,TVK,68863,4119,1.92,87.37
Viralimalai,,Vijayabaskar. C,ADMK,105773,51.97,Murugesan. P,TVK,43700,62073,30.50,90.43
Virudhunagar,,Selvam P,TVK,63653,38.14,Vijayaprabhakar,DMDK,54262,9391,5.63,83.18
Virugampakkam,,Sabarinathan.R,TVK,76092,44.29,Prabhakara Raja.A.M.V,DMK,49006,27086,15.77,85.65
Vriddhachalam,,Premallatha Vijayakant,DMDK,69351,33.27,Vijay.S,TVK,66964,2387,1.15,86.56
Yercaud,ST,Usharani. P,ADMK,87772,34.78,Lakshmi Janarthanan. J,TVK,85583,2189,0.87,92.49